<configuration>
    <contextName>oflaDemo</contextName>
    <jmxConfigurator contextName="oflaDemo" />
    <appender name="OFLA" class="ch.qos.logback.core.FileAppender">
        <File>log/oflademo.log</File>
        <Append>false</Append>
        <Encoding>UTF-8</Encoding>
        <BufferedIO>false</BufferedIO>
        <ImmediateFlush>true</ImmediateFlush>
        <layout class="ch.qos.logback.classic.PatternLayout">
            <Pattern>
                %date [%thread] %-5level %logger{35} - %msg%n
            </Pattern>
        </layout>
    </appender>
    <root>
        <appender-ref ref="OFLA" />
    </root>
    <logger name="org.red5.demos.oflaDemo">
        <level value="DEBUG" />
    </logger>
</configuration>
